96-u9s6D16k,0.5903172061849506
s1qZbsytk08,0.07676181044234594
erFxR8DNu_Q,0.9868854880332947
M9a0XrkdBf4,0.7205628536175936
wQ8BIBpya2k,0.27070582827040085
LeJkB_Moejs,0.5637741315877065
vq2nnJ4g6N0,0.2807055507151728
fxYtAtIq8rY,0.3508107556651036
957fQCm5aDo,0.34214369648173687
BJ6kyj-st9k,0.29239623910182394
JkvSlappkJc,0.9636439681053162
P3vlxX1dH3k,0.17609381098107127
nJFnzPjEPdQ,-0.003079606757706687
X591qpFytM8,0.15849970336120642
UNAu-gNSqsM,0.4564031312317557
DkbQzMJ4tMk,0.1232783657389584
MWNqE4z2C34,0.05468169630815586
lDNj6GDc6jM,-0.26643668906763196
IbDfTLOYZM0,0.5051966983079911
S-zB-pgS0ks,0.02401239605076181
MZmNxvLDdV0,0.1832819919101894
PqDwddEHswU,0.27511973494728065
xLkk6MUrvrw,0.7256273560535156
g6-CKbx6FfI,0.006630128715187311
DooxDIRAkPA,0.4031531005072635
Pjg3p6DFmlc,0.11955468935359802
oV4v1DnT4cA,0.2489103941130452
hYiaXe7kQS0,0.5365448612719774
ad79nYk2keg,0.26176352547662984
q6j6FWr07Io,0.6570428095531978
kmeaG_BQZ7M,0.26402736638489177
JDFYAXsLCW0,0.9209349751472473
0j1VcoAld0I,0.9748766422271729
QizsAE4fBpQ,0.4906211821300011
kheY3VXmbhQ,0.40322492315777037
QVg37-m4Ia4,0.5759202241897583
e7CiS7EBHiA,0.5013474376561741
ixfAdv9sL30,0.21016892501916518
pRC4M5Na3jM,0.019387129771833617
yivMSWmzMDg,0.010483351728568475
Bi7f1JSSlh8,0.04992156006642206
DbNejXrDz9U,0.40553626407481325
oayT6OhEa1E,0.006432577036321163
qFM1dXFAtJ8,0.25895581553499636
kaMgO8zLOow,0.48999539157375693
DAFljjxmyZw,0.6996122836200914
LK5j3pp0Too,0.2257894099233968
Z27llwBA0Uw,0.5829362211685664
aC-EfNvuznc,0.015371010405942798
JImT4CsITao,0.22490926672563175
BK07WUEMvPk,0.5516383784081511
VQ4gsqYBv1s,0.2276441584281515
rv6hECykco0,0.3402146447915584
dMVLd5URpvs,0.4143069245453392
W94XoWC-MT8,0.18879495709038832
xwrFHpI0ZvY,0.8258410692214966
jnnj6Fd2ym0,0.19115716699320182
n98pVZNIkBw,0.7221533954143524
NWONeJKn6kc,0.28671663484820165
MJBM4kJ5y6A,0.014214743860065937
zFO8_dLo8Oo,0.33954229575299105
ol6xaa8jedw,0.4457158981622183
eUMCDUXsgQ4,0.37898303461261096
1QPr59OUZ5I,0.6613778488503562
x20Kk6G0QkU,0.41492803397983924
TUCnsS72Q9s,0.16453107367857137
Wab5f3bKR24,0.770306184399248
B8LT-2JhrRE,0.28212595036876087
FTmbK84ameQ,-0.22954290686175227
-qT8fJTP3Ks,0.8767894650035497
r31jnE7pR-g,0.5097397500328206
vqLEggSF_Ks,0.012737497687339783
ilLDSQwzEuM,0.2144292484855675
lw616xy2IrE,0.12075481439630191
iSTlKTRPVCk,0.3892968749186421
7eveKBGUAfk,0.15915727543934072
LcWFedjaR4Q,0.4097399595704716
YwE6DINJsgY,0.5986969815567136
VOaoabf3LPM,0.6630954174315703
qtlUwwtvuEg,0.631926287662089
-5zUVOl_Km0,0.40078329442985705
vyit-1zKsZ4,0.15313128334906032
UD7xWjsFjbY,0.5309967398643494
wlIKCJZEImw,0.3557305796697723
IuT8cDD-pHg,0.5251910396230718
MH4yvtgAR-4,0.642930728968765
pofCzeMWxwI,0.7872130502341315
GK10ULKDW9g,0.3053277351739978
uyLEICmajKc,0.4982170465712746
uQ8-N28livE,0.6079742200743181
R-1rN2CHdVU,0.9510920643806458
NSFY8_gxGvk,0.9377547559284028
B_R4xZpfSV8,0.27464739084338324
Hng5AYco6fo,0.5414919913906989
vJgGESZMhrw,0.9864469170570374
lA8jzurgRrU,-0.22416265308856964
_1XnKeRBBi4,0.006380958948284388
spLjYlxzCwk,0.06581567444771107
6fwhbzcUM38,0.3984370186110027
SgE6D--y_3o,0.07011821251052783
E9_4z1-vLIs,0.16878263643454938
7uLzGRlXXDw,0.45045252169331756
QzY57FaENXg,0.4093199039164644
htjRUL3neMg,0.44471958065282946
4iTh-rRYeBY,0.012440475635230541
sw3o0rAazMg,0.3816375052418752
00Om_riDR7E,0.3153299112785973
MEiosP87aJM,0.8257571675169927
xW1jg1UiVwo,0.36376476349489
Gh_OLAjqAVg,0.13773638226798382
3kMDQWhc77M,0.6650345697999
ZxCBEkSDx3g,0.005871644534636289
lXuQKoQCtOc,0.2868681950565187
JuJjiSBnIfg,0.17847812742637914
c-qwISJGebI,0.14351551296810308
CNez5nVii5w,0.561827486256534
vpOLiDyhNUA,0.7125931567350715
0CqyPmLw8X4,-0.01918082684278488
pZb4bY5Vcio,0.048837543930858374
_8fDMmnDyYQ,0.012440475635230541
NqDDk_Tcro8,0.6103499916692575
2_8kgV-EfTA,0.37127032598144694
F4UMwbofoAo,0.7354013351723552
j60J1cGINX4,0.131553855939748
cE-Ej1ycXtk,0.3329526722774273
MhCHrvfAXlc,0.7001545101735309
ax-3m4GSa1c,0.9684904217720032
UHdrxHPRBng,0.25207877558485414
6Xt6L1I5jSc,0.6241361932578039
R-8xuDpozY8,0.34380204044282436
nASDYRkbQIY,0.21910814586721483
O59lRcwS5B4,0.14719222352973052
2r_551Fmplo,0.0022577005438506603
sicTn3mNiv8,0.3073737940285355
B-Y7rnOa43w,0.6034328863024712
v6OB80Vt1Dk,0.38579479211594964
O6oa2kQxvRs,0.2890429821881381
3qRJfUv7W_Y,0.2363549986714497
vx6SOaqg15w,0.3004136461143692
TKUIMUwZWJ8,0.9973046183586121
L4rpc7AmfQk,0.20190299154627847
qS3Ytc6v7IQ,0.19166342308744788
f_uwKZIAeM0,0.5751538019207798
R3YFxF0n8n8,0.23361224389178067
qetKUFDDF4A,0.08726448341768217
QaoDXYYtgK0,-0.089505289249202
QyyWsr1NMt8,0.46347968241990356
L-b2LgM1wdo,0.012122680971515365
V1-BGUrWs98,0.6303298150499662
Tzb_CSRO-0g,0.3166248213858598
ssAe9yyD92M,0.12213556300848723
uwNeIuns-UE,0.08413552572095098
YJMGo-1QH5k,0.020235681906342506
TEnNmdRW2W0,-0.05389086902141571
0Hg7XhbXuac,0.06994543201076843
mzS3YPLJNnE,0.26473025802799266
wlNJiBWklzg,0.1271596259321086
lapi13J9UZA,-0.044691671437321334
I5xsDMJMdwo,0.2749117522147976
1zBYwwyX460,0.012440475635230541
DIKQOeYb4mI,-0.11371750384569168
mccsmoh2_3c,0.20570613513439057
8UxT23ywTFA,0.9686182737350464
mFMNmyZv86k,0.4139654482926496
DNRPFFnigv8,0.17761705960262833
wruyZWre2sM,0.5126221714021131
WSbgixdC9g8,0.7386887180633678
aGwYtUzMQUk,0.4886483438374684
mw7m-TUcnqw,0.017334939911961555
gqXTs-1ZEfg,0.06462174952587149
oXpJzbXnB4A,0.5147855493162449
64gbU0KBPK4,0.33905730706950027
3GLOh8rR2RY,0.7646282698426928
-ePZ7OdY-Dw,0.3947463371110216
M3ZWfamWrBM,0.4838368037644405
ZUqB-luawZg,0.4726919905575396
NoMpupqag2Y,0.46366547932848334
XV2XPZjgyms,0.23755227122455835
wtolixa9XTg,0.3553235370977964
bfmFfD2RIcg,0.31448579499974927
xucm6_BQPJU,0.6372594003596219
gRCY7yVahJM,0.12685779667721697
jFBpoLdkcMo,0.47841107196592053
R_uXFOcu_HA,0.3553271022311217
3Ek2bEbcZyQ,0.03631010099881045
b4aE9gWpr0A,0.04145834563920895
U7TH6-SAho8,0.22551329433918
vPoglMjsBeo,0.28296334736726503
0BEsyjpI4q8,0.05643332749605179
6IYrOPCEdH4,0.012440475635230541
U8Rm1eZpGNQ,0.7194729454815387
xoVJKj8lcNQ,0.22883235309616257
19I-G0FLIN0,-0.028505188316194106
oxZADyo-xWc,0.22372267115950728
0p0o5cmgLdE,0.7069944185772683
ODq_c3YyU9Y,0.5639249899884663
sJXn4Cl4oww,0.5365330266007183
ZjkWoWf8d7c,0.32479078555479646
AuvVHAPX2R8,0.9084888100624084
EL2woThmPWM,0.4414700191608621
uleFe6dpUvc,0.08904926922811315
GDCnydDWRnM,0.6559204185061552
5-Q0boiEqFM,-0.14262391751011214
hxT3lgQAL0g,0.0038340394385159016
owsAQ_fiwIw,0.6260687590896187
_1uBf1m-11k,0.6892516613006592
dMWd-jX1Gag,0.6682541265876757
1Gx1y2boe_M,0.4098059758489184
TsHvBr0Cw0M,0.49677159756954226
vSfRaH-Tug4,0.4262640971574001
3bSVKNKb_PY,0.568688273250628
144uOfr4SYA,0.025338752191966143
2aXm5h8lenQ,0.3744742552325988
eRXqD-7FANg,0.2604064895601603
IJKjMIU55pE,-0.010134831261898071
sGo8LmY_lXY,0.4623426187776682
iIkJrwVUl1c,0.4286007689730778
Wf8mTmPdK8c,0.20384196557902864
kQl45ophSVQ,-0.07155196081834654
VyWAvY2CF9c,0.6002666348413328
yUa9GNzjNro,0.6315041184425354
Q1d5aiBFNpM,0.37949285809367606
i_LwzRVP7bg,0.12967735816714732
PrGQntVIEM4,0.11805211495430697
mvkrKwnxgLc,-0.11308950930833817
IHZwWFHWa-w,0.22063351247722823
hLet5dIb7ic,-0.5717238187789917
6Hm1pNqQxq0,0.5539286297517866
n_ag1-KXWjI,0.1722284898381023
AONZoaWC9v4,0.2638710049743002
NxTzxE5VFKg,0.07043630405713906
5MLBRMHExsI,0.18912963312119246
M7WdWtlb_3E,0.26850583547582996
FKN5DSKzCPc,0.08133408427238464
5XnNom5YUk4,0.3592095682607643
NA4YnGtdF0A,0.07866376779358168
n3aJzBYA1tY,-0.5794275403022766
9MbT1F_0ge4,0.2588217085392627
NxXqF23i2rU,0.2563046616082436
rZn_W7hJ9m8,0.17583726432461005
2BulrgK--_8,-0.502269446849823
D2JY38VShxI,0.014394455630853944
bxK3MfoEkNI,0.007466885804509123
PATxJ-wwcUY,0.17912952848146765
anW5W67OEME,0.2366030137463097
fXIHmSQvUvo,0.3181275258581087
lfjrdtDyHe0,0.11501118149547103
X_uAqYVK6xY,0.1335790022055625
eXdVDhOGqoE,-0.07926203575844688
NLJtHDi9EWs,-0.3749114412814379
0fWKCDGMs80,0.43825793963687665
8duf31d6oyY,0.32499431720402217
8Erq3b7chrk,0.01955351543923219
qU4iXA6VmvE,0.9644255638122559
s0dMTAQM4cw,-0.04363036446757724
WaO7n3QDZH4,-0.12389187007861704
-fJ_NXedTvA,0.013945275917649269
VNYS404znrw,0.4829819365404546
C1Dt4gVW_Mk,0.12025837837295099
hPrn6Smepbk,0.004751215223222971
4RixMPF4xis,0.38149178744418205
EzE39NTk9Wo,0.16793915390332437
duzLJn8bzFM,0.039550948254582656
emARlYbZIHI,0.34020881727337837
7FKJSX0fABg,0.3687253079066674
J7d9gevXEus,0.5006874404433701
TbbEVA2qS4c,0.5065196733921766
zulGMYg0v6U,0.6468136166412389
a8JDVDh0G-I,0.19542269398899456
dNQp-L2jw6w,0.3976549023687507
T_lA80OdST8,0.08776351457906015
qWSFcRXpjxQ,0.3915180927142501
saNiKk06f1Y,0.36377353616514985
7O60HOZRLng,0.48886768244030104
cifem62_R10,0.00183341174852103
CJfck0wvaz8,0.0535488638561219
2KMk1lJGPlk,0.2846906821864347
b4C3OI926lI,0.5977340407669545
O5xeyoRL95U,0.48882908582275053
rjv_wDOblfc,0.28438836243337845
wbJQTtjlM_w,0.4678298396526766
JUv83tBaOps,0.8048188442674776
FY1I9qsUQCo,0.2571600325695041
14NTliAndlw,0.7353590664764246
7e0OY9crUWo,0.250470383127397
v3kZjPAmZ_w,0.08440530419881855
6N31dR3a4zw,0.43019533157348633
Ci746sgxf10,0.32994788314265733
l42lr8AlrHk,0.16744865668329267
EIZyJj1czic,0.16386504409213862
nCBuK9g4fws,0.44910220765741543
1EBUsAEqhzI,0.3037777554321413
u0oTLNmXINE,0.9782112240791321
LSHZ_b05W7o,0.3039264485787784
wUIQVzw0xS4,0.3240697542205453
5NgNicANyqM,0.4179396900523524
D9-UGlvWbaA,0.25891381692053983
Eg25OnvTxBY,0.38879391285671117
qQKu3p-e5RU,0.0024669833946973085
QeEh9mcxxRE,0.9844035506248474
cWTWHhMAu7I,0.39156637974083425
yg8-MGHdDCY,0.9205785393714905
XKA78iFdKvU,-0.012526727840304374
EUHyUvGzmkw,0.28756151907145977
2xATEwcRpy8,0.24653440831870263
f-JCCOHwx1c,0.1409235339728184
RquoLaj-Wd0,0.5634188285869796
bK_DBPcn3JQ,0.2624582890169139
gq0dWT1JpHs,0.01127524022012949
AT8JCkJH9pY,0.6144842803478241
pecVKZCdwpA,-0.009130507291973124
5vFfv1Y5wog,0.4819821048588244
J4RqCSD--Dg,0.2400365291815251
jMJafp6idIA,0.0021589926909655333
oJC03_t-loo,0.164255911656121
5FoGkkWf8w4,0.304320195024567
fNFV9eo8HvY,0.6491457318964725
tLaLfaIJf-Y,-0.3698693225160241
4M3nTc6vIfk,0.30872757459564854
CvqVZ8v1gGA,0.005738129839301109
jGwO_UgTS7I,0.4075572430178648
mexN6d8QF9o,0.3698111511762501
tVtQT5OP5y0,0.012440475635230541
xtTyEoJ31Vg,0.6213814583624307
1L0TKZQcUtA,0.7590776682709305
sJKmcd8fjAE,0.656007325000246
iVbhIesONYc,0.007868134416639805
cW9shEB8h5E,0.5089135822651071
upma2vFCB9g,0.9368194937705994
VbVPF57nne8,-0.0021246695854558
eUyQHt98sIY,0.002286715263670141
hV9pYpE80_4,0.14857753810938448
ehOgzmaVpw4,0.7084107351435409
HHldyefpWaE,0.12045690450181873
G7taJ-yD5EY,0.06519388444832261
DRQi3TUmYDw,0.011600888955096403
Ic_XnjabIMI,0.5458292234895149
ZGetnk222YU,0.5704329039388438
zC8jkmlCDCU,-0.033805723982079636
M-nRtdMan68,0.06120437942445278
XyeZFo1d5aY,0.11410239294825776
SFcHsK2SWrI,-0.08084467053413391
oSdPmxRCWws,0.2623947115362219
tpCFfeUEGs8,0.34773600362490437
v_336X798aU,0.4308820538987805
BLXZsBd1cDs,0.2952504655315238
DSSKwgfwnxQ,0.04898662966055175
DqH_4uJ2BOI,0.22979000180369283
NBxSlUFOloU,0.5761479331801335
Mya8JaD3Duw,0.12888434360195933
gV0_raKR2UQ,0.052058969423923906
nkakQ4_ouKE,0.4547625443292622
fn0IxCf7ZNg,0.09335016905802707
gL8_6JgW9sg,0.3829498058107371
RfDVxZkhhL4,0.05896538403014072
y39OlGrVFD8,0.45370111325613166
YFScYAFfJEw,0.10458608879707754
DP0TKM0S2-8,0.8016146154289967
V_-CUtph_Aw,0.41835063975304365
4MKAf6YX_7M,-0.07979378447400538
WPpnCpJPHFE,0.22403533054511868
U4t1qFteDjs,0.2193041109583444
OgeWMMVNZhw,0.0248689926256917
hbD2Ftj1aAk,0.170794959835309
38SUUaMX5Rg,0.665499213653496
N8bXmg19iGk,0.32985871552579826
kbAbh-jvpJg,0.5678727828938767
xi2XLMB4I8E,0.005929969716817141
1c3vnmA2OgY,0.004868636062989633
uMzUB89uSxU,0.2754436311602804
qnMk5NCXHiE,0.7638560449704528
vNc2z2u_nh0,0.10276055035109703
fcBZxIA5ARs,0.042956803744244904
bPpwZxasJo0,0.5263108011022076
JMLsHI8aV0g,0.0018525042647037047
95KhuSbYJGE,0.11725560332106628
y5swZ2Q_lBw,0.6102854754295741
PWWO0YujJ6A,0.23000635152120158
ctnPglvhJVU,0.09681621193885803
NgaW_p7gsRc,-0.15117327214125179
pmyp7_isrYE,0.5048510320484638
55H-JEMGj3w,0.7113873525099321
Cuiqo5XWwzY,-0.08670404305060704
Ebb4gUI2IpQ,0.451327832066454
SABX6YggDTU,0.19899616017733424
dX04-7wYJsE,0.37405569630209357
UGHzKaAOOcA,0.1272163892215591
8vrPpQX42Zs,0.14102374676756052
t8JRidxZCXU,0.3199475027162668
V-IFiagj388,0.3260293407753731
wTneC-QiZfo,0.014471537744005522
_V4D8Wd3_rE,0.3196349803668757
5lUSEBc6vbo,-0.03524150379764086
FMwg-MZVFiw,0.009787395847244905
VAHoryyJPaA,0.3046632392961659
7wznuB0sKlw,0.31926609415182894
3tI_4QzyhE8,0.010609570393959681
xr5LeWKbVnY,0.36491058846054925
4MoSrMkWovM,0.6760861176552008
Tqm1hEW5zlU,0.15751707553863525
LdloXqgeHCM,-0.005233287811279297
MSBY28IJ47U,0.2554142834900708
9yuMxyKcrGE,0.8014500737190247
J8XNAxoZcwM,0.7325218444318086
reUZRyXxUs4,0.5600868257448439
70uGGw4RUH8,0.00619454201660119
JMUxmLyrhSk,0.5944143732247391
WCEcbf8raB0,0.9131389260292053
0VH1Lim8gL8,0.33740505516082014
kX4oTF-2_kM,0.24801893532276154
UdsfJ2HCSJY,0.16238814397365786
bXI7mfY9RyM,0.33682969731411766
qYD68F0yQSA,0.12477313360709343
JnQiLQuua9Y,0.2978297847796292
On5WUCUNmfc,0.15117200953590398
8fCqkJkxruU,0.579511595889926
tRq3wjSJU8M,0.060468973082415084
aoCIoumbWQY,0.18523141544578478
fJ40w_2h8kk,0.4424781183983074
kO61XbNa1P0,0.17000721593387425
Gc7EMIHoXs0,0.4200687425705837
ztFTd_67w2o,9.01048188097775E-4
tvAh0JZF2YE,0.565223319883858
5Qqn4OSuK_M,0.1300082988002234
hecPbWFM0tg,0.9859354794025421
bvZX7pdoxYY,0.2747660158274872
_mMPAjSEIEs,0.29396250317003375
J_ZMptIK0Ko,0.16707279161943833
0z6AhrOSrRs,0.2780663857283432
39EdqUbj92U,-0.026889064674427508
u2hOWox3qn0,0.030828011340837784
z18nw4adsx4,0.6042064153758299
xlF9dfGI4aE,0.11644321614684647
SRaxKX0l8z4,-0.035823568346013024
l7mfO7hbK_o,0.012440475635230541
tjlrAEllIIo,0.9755989015102386
PMwwovoQiEQ,0.46562517201527953
RYIjxRfOPWY,0.16960788994288906
c0Ody-HLvTk,0.46670120664741727
k_rmHRKc0JM,0.18781892389710683
AI1eKN1Eldg,0.7033065933957467
xQhCtnd-jgk,-0.010288936775634952
uvqDTbusdUU,0.41688065335245145
2osIZ-dSPGE,0.5755713086775408
c_55gZfUK1E,0.16485803646328687
ZzRMcySolvU,0.48759297630749643
4p00K5_N7dI,0.42522564104625155
HGXlFG_Rz4E,0.4537850506603718
u7obuspdQu4,0.3467147368728635
BLgz4ce84_w,0.13084193358911664
zQ0Yeh2qdiM,0.33088475010461277
9q_Mnv_YZXQ,0.20953603023172993
W_gA12QKJa8,0.4091427890713775
xfYb5hapybQ,0.3411543379118336
vD6UYtmkVHE,0.3713359348475933
Aym1Gx2wVK4,0.49849073584240006
1kRJ-FOK_20,-0.47157734632492065
-ETQ97mXXF0,0.4590594219579384
momzkuLMtao,0.30886439257094556
ygce3zHlIN4,0.024680703893982445
sN5ZcJLDMaE,0.662797328195579
4_UOc_CC3NA,0.4757299461406262
28s6Ezj9w-Y,0.18356162941840315
aGMsvXz8CYY,0.5205473729822342
kyIf3OwcC9c,0.3397636201211013
-hsl4LT8xGU,0.9723775386810303
CqOfi41LfDw,0.4287359140042995
pZQOAgESIcs,0.697922272341592
UFDOY1wOOz0,0.511215068152584
yzXDytQsK0w,0.02636341334283842
uvd0ybeSqp4,-0.35140272974967957
UZ_Gj3Qon2M,0.20322918708585308
8eSvDi73uLU,0.2084049356166765
oQNbgJK9_9o,-0.7366971731185913
nbY2KqXSsaE,0.8729266730092821
B6FPhfFPQpw,0.1607476384969952
UehuI1w10lg,0.4158681115023584
df4ttNzmAHY,0.39191330126910046
JbehSWcOyAw,0.5009533483535051
5Viy3Cu3DLk,0.21390221205412444
D9APs4JQL1U,0.008637986145913601
sAabARyfYZg,0.5796741162409501
NqHKr9CGWJ0,0.5559765445456529
2m7Pgl-84F8,0.41278277838676675
0y_XP65_6o4,0.720828595957321
A19f9ET3oB0,0.5512191123384927
kThRToZM2Ns,0.4788322632308476
edFonw8ZGWU,0.01530340313911438
0l9Pu4dk89c,0.2208022272906004
XfPRsCdWRyY,0.029022232888059482
PIAPzioNt9Y,0.37805029544688296
JZRJCs0PSgU,-0.040660493644927416
yoYZ9zwXb7g,0.8636700328934239
Le4RVII-TUU,0.31902059653003
7jVKwYQdKww,0.352440755819823
hBKcL8fNZ18,0.4088690360738695
LCOK9nO_Dys,0.03177287441886668
r8_O7O8kgJY,0.7829731952547768
ji93Lo6wYnk,0.28536762895821755
H0etieBDxeY,0.3682195239567331
QIKQEKm0qIE,0.1478722061555832
pPP5JpPP4sU,0.3265981578369974
HVM-8amMGqE,0.00747652119025588
PEYBCsPM0hk,0.07260617766866183
asDixH06s28,0.1238743061782187
3Rskp_N0FOM,0.7751806378364563
YcsN9w1P_3w,0.1987484462093562
fX4CqpJRuIc,0.12652530715717833
HZrj2wUqF3E,0.1269279901566567
YP9kodLGvT8,0.5839319229125977
b8ygWGotX_Y,0.02120340304995013
dc0Y3fSAg_I,0.23743163658813995
FIClB5Hp--c,0.6316842042841018
ZSQ5LIHGWJ0,0.46626064671173345
eCCN-BVyCz0,0.21393210953101516
Dj3bDXy0peE,0.7427714467048645
dc8gnPcKl9s,0.009682508185505867
d9nP05RTu4Q,0.3598284551075527
oV74Najm6Nc,0.6857798167663596
DknL690sGlU,0.2866185341360203
_aCuOwF1ZjU,0.10750620878781825
RoMrbY8pZT0,0.02285771444439888
NdoydRqVOV4,0.5051981443539262
Q-QxqFN7Iq8,0.01776965521275997
Iky7rJXQU_4,0.1596638262271881
CUtZG3NbAr8,0.2845180911629634
kC72nnR8EW8,0.7928877923637628
2_U1hAtNq8g,-0.046961530089014915
XInW3m91uOg,0.1511838138103485
ag3DLKsl2vk,0.7093158723897275
ye1UR39GxbM,0.4743496506495363
bbdsQoVbxkg,0.94174924492836
y_B8UBq3D08,-0.025046030857925027
Z_ikDlimN6A,0.7879563888720295
d2kxUVwWWwU,0.4792703182348646
s11k0yAA8ZQ,0.06770988010341006
ja06VL8vYmk,0.23120706749967102
rb0Zs_jfYvU,0.9723675847053528
67rzbg4UhV4,0.6277998089790344
0_nAHeLXcXc,0.6202256702507536
lyOoMPjCGiA,0.8652305901050568
BYJszIs_8S4,0.9174522161483765
bRsjfbqHj8k,0.15051628742890244
7hpV4Ad9mKk,0.012440475635230541
fieyIxGS9cc,0.036653310409747064
c7ScUDYSRYo,0.2715856944129843
Y08OaZVfkYE,0.02437852674417875
b_p0ZGMZ4n8,0.15809558767712767
8O3lBTU2Ngg,0.1790901144726597
4dwsSz_fNSQ,0.2792336299758113
m2iobHZmM4s,-0.12442587393237964
0Iy9oH8VAbM,0.03041108457837254
vJefOB8kec8,0.19049212141080518
4aScMurLyC0,0.1322517010066376
5ZAvx09qeks,0.37864126107103474
cplucNW70II,0.349789784476161
gRLGE54CHhI,0.1387149100101853
Wqmtf9SA_kk,0.30923491214974264
ZXiruGOCn9s,0.30773604570212976
MQur0baiG3o,-0.5509264469146729
PbeVkLCf0ts,-0.24149296970584752
5pM6NFb4tqU,0.04838705193251371
8rXD5-xhemo,0.7083216554742178
ICCA3-7a5bw,0.5212295482680515
FqwmHs2B3Wk,0.011674503795802593
O1QTi40BoC4,0.1853642966243965
pYA6s4Dqzbw,0.6343748548678881
xTKoyfCQiiU,0.5603197916786586
W-0-u6XVbE4,0.49718565307557583
of3q-MnlmJk,0.8637303709983826
f8luGFRtshY,0.566662042234233
9OEa3fJUkiE,0.14229963803051068
LhqjTyGj7lk,0.6712135738264714
xglXO36160M,0.24663746578153223
qwMn73q41Gs,0.48426645368618787
atGknXJES9w,0.3915663917760619
82nOf3CZpYk,0.0010210638865828514
vLuUNjQUcUA,-0.009353819646201628
Ilg3gGewQ5U,0.5249497078721027
0yGCB8y7u5c,0.1562560840119725
LHiM0WnRaD8,0.27170720748768334
Nn_w3MnCyDY,0.23017703554445518
mwmuJF2ohTw,0.32401893702247947
1f-04mmLoPE,0.009226876566588
MIAN0WGkTyY,-0.4942438304424286
BWGejNNjsXc,0.2317046506313598
4QSV9biTSqY,0.8713932236035665
PoEoTf8oBIk,0.4256291389465332
Xmw9SWJ0L50,0.2470291238364384
3oE88_6jAwc,0.16672614350105291
sGQfiyXOvF0,0.4340966270797789
Mp5JbFfh7YA,0.06228607366434657
Rp7qqjlBeRY,0.512227318291035
Y76HQyR0FlI,0.04985587234383348
py9PS8lSxKw,0.16442142761578518
iyb38dzetRk,0.39207543258452426
rJ1Qao09CFI,0.210301298184837
R1dLwhIdqf4,-0.06968426570200767
nEahhnk3VvM,0.7153919855132699
dCsb6Z2n0o8,0.13954276446718722
rlz3qyMQinQ,0.28707176446914673
9LFbMz7DrDA,0.563368022441864
AneIXxdu_g4,0.6066567148708286
K2tXKfKhryo,0.09822179324570086
LHBE6Q9XlzI,0.4043304358550508
U2NLyeeXaNk,0.5344502229598307
WlUDK9jvrQk,0.015620176990826925
WxcpQW3afkw,0.5728249549865723
6eul1pfGKwk,0.1290577811441595
oV3ZY6tJiA0,0.16040063823222167
TUs65EJgYzk,0.07744798721572341
H7wC4GEPJzI,0.480200169118189
ahmrUTM48sQ,0.38213968257270087
R9OHn5ZF4Uo,0.17917852766991418
LWiM-LuRe6w,0.07622267295274363
rWpiYvLHmzU,0.13238099544571122
KY8-WjpvRdk,0.27110435636925767
8cDPkGxJ2Y8,0.30802501549356076
BJ3U9KXewdc,0.011882718186825514
pZsJbYIFCCw,0.20693642551336308
3scnZbjX3WA,-0.4999466985464096
V_xro1bcAuA,0.727698802392007
jyd4uH5dWJ8,0.1370919996631304
SkI_QrWo_8U,0.9624801278114319
-zs_VvctMDs,0.18209532445863538
cjCmiXS6JwQ,0.49275471620929007
QicIHGjaub4,0.8098837733268738
72wLFqGZEuU,0.9578649401664734
nbWEbsMJoD8,0.2563228217813258
gh-iZ9NaeqE,-0.04567208243533969
Tr4F4-DruR0,0.9504514634609222
3nZd9LluwIk,0.5990513378859587
FMPYShYLg3o,0.39904037690356325
DKDWB-36Ekg,-0.002863246747857864
BCavd7rkaqk,0.18646964952349662
2xXB4yIYKE4,0.019459741190075874
6o7lQnbgKNs,0.19696240747557597
_dWRo05gHbA,0.37223881401757225
zjbJyHUkmys,0.987556129693985
qcqTFaj6RLI,0.47291688730423354
5XnHlluw-Eo,0.4194559917883261
pDXdlXlaCco,0.37284055305541447
kW4XSvuBtDw,0.7264374465080647
shNLeGy0aHI,0.5269310477419076
YLPJRNRd-OM,0.30517799751373026
gZmobeGL0Yg,0.7340577534956133
B2aI7m7wldw,0.09172463448097308
HWa8FAqk1KQ,0.012440475635230541
sguol03tfWo,0.5905045031880339
bOUfOOCFCrE,0.4802568844310008
0Kh8xE5EBvY,0.9640612006187439
JE85PTDXARM,-0.08350925173065583
CcbK5vCVjw0,0.23985096726943056
QjMl9lgcOU0,0.4630851452626909
zKaxW8HduNU,0.776700968938795
IZMzY-CREHg,0.3293154926241358
cFN8bT5OAe8,0.2010417163837701
pjwchOlxnDs,0.5219025850528851
ThNqC9bP21A,0.24553800001740456
8TOgN-U0ask,0.737722473193695
-KzJx4Zoz_U,0.32557108219820674
0jspaMLxBig,0.5966823170408784
JhA663fSDWw,0.1322657156058333
Y5CEBAP6biI,0.10820625901195001
o1pfROv-CTs,0.6420096158981323
36W2RVzoD8Y,0.6395113488595764
lODWKgCfg_8,0.991121768951416
Ef6L5YkGTMM,0.49610283103461067
Amfrm2V_KO0,0.022380692550986268
z4htvYxOlvE,0.18328021418760884
GXxjd1za6jk,0.2050027506590268
TKopbyIPo6Y,0.21120944416719484
lzaBbQKUtAA,0.32381964528855056
FO472ytVzHo,0.262533126459836
jgXp1EE4Wms,0.44926210096086927
klCheA8pWSQ,0.2498244094066859
XpuW1eR42Cw,0.2161477714494414
lTd9RSxS9ZE,0.16426433749139718
D7O3wn3TjNU,0.9783039689064026
r0C2IOb_7vg,0.02940252795815468
qv6UVOQ0F44,0.25719245705725136
fUEwoiC5AO0,-0.2622451707429814
9gGnTQTYNaE,0.4663575703982646
AvfGqiHPuXY,0.35108570618202317
l81VkeZAnO0,0.3253515673180421
E5jVBqe59EE,0.34362323518884985
YdEvzJDR0E4,0.27002996372410504
rHeaoaiBM6Y,0.7546006252190897
v7mOZQeATKU,0.31403344579729164
AopGnnPPczY,0.5939565432300598
ZEiVQiFmOPI,0.36025325857151885
R86Gnz3lEbw,0.961423416932424
k_WJn40u-4U,-0.15576547464549448
vf9ddTfVJK0,-0.05586238369748268
lnO7hmD6qzo,0.4505254249587389
J7LqgglEfQw,0.23343170344271924
qLjBENfVsCM,0.028623874203305453
fsxKUby4EEw,0.041872072986013156
HYj_0zyS8_4,0.3323773754207228
UOJO5pGiq6E,0.200103017432848
m_qaQHFfvYU,0.9794041815071344
H5RDyOW-sxk,0.12021651109680534
MJpwkvb5B-I,0.24868534156121314
SMaa3pnQmbg,0.28526940721859956
Le-A72NjaWs,0.29526005955050805
aStninMO6E8,0.7490264670231153
7sB052Pz0sQ,0.620246331138266
_VPxEcT_Adc,0.6572060993802731
ucAOQrnXbP0,0.578827042811151
BlYFE3jXlKE,0.5702560637534285
25uN-Dfgk20,-0.11060635910345214
nOUCLLem0-w,0.5986792391102592
b0Wv1IgSzQo,0.5091885968726146
gCX3j1Fvdrk,0.49104103446006775
9dFhZFUkzuQ,0.49992525968506624
HXW6UudA7nE,0.015608989167958498
7eh4d6sabA0,0.5511859210471923
P_TAklE-UmE,0.8340700645931065
lPvqvt55l3A,0.13522843846201843
SOPkyrnAa0E,0.011281069833785295
AFc31AlnW_Y,0.1318511850985103
7gIr47cwvyk,0.27731570814128864
JPHS10dt_CY,0.48629328571967306
2rdQLU9a-SE,0.40770805069769267
eDbaDbvCsg8,0.9869622588157654
0c4pgnFHQdQ,0.09892327756962821
ukzFI9rgwfU,0.18687130492892345
pZybROKrj2Q,0.5182228008969328
DFUdQOH1kLc,0.09596254676580429
ORX9bkR00PQ,0.5032854748574356
nCglvjJkU8A,0.5038597321217361
S2_wVeISuGw,0.18726532271201832
qpp1G0iEL_c,0.18410894483242865
0yCJMt9Mx9c,-0.02200953425207872
7O8jtu3bpS8,0.9618149995803833
H5fdzoAeLCE,0.16532199810414264
ZlfINJdVpco,0.004387705121189356
32bGdh1Zv-k,0.5798951387405396
gT57PqRVOmg,0.6627097778941672
xfzGZB4HhEE,0.43103476394899476
-g-FtCfze4s,0.25279760081321
RSC07WCYj1E,0.03032854437414143
3cSjsTKtN9M,0.6757139265031108
U6sQC5NMa2I,0.0015820872504264116
B9ylS2vOp34,0.29584554757457227
9PLxWXBI5Pk,0.77326040364181
GcEnyIrxhv4,0.15234013102276045
cDTp-qXXZU0,0.7380214631557465
qRd_wLIILxI,0.41856540163978934
t3M_VW5nv5s,0.11685518698481422
1O_BenficgE,0.2936973249764681
vdRp_w9f-qM,0.08445998750403538
rdLgKcXW8ys,0.5179091797155493
7Tb49HhaM84,0.21397467641149429
4p_FKZ25T84,0.17603136728133034
9LvHI9lI9No,0.003905799938365817
NPoqrTUpcbc,0.4796518169875656
qul0f79gxGs,0.5514931123493784
ejkRh9obVjk,0.38065235970611083
7x2YZhEj9Dw,0.47260494627490907
dB5EJDXcH5c,0.18729133829474448
r2bPY2s9wII,0.141111524309963
SA_SDo-cqpg,0.40288144502114787
xDgUP9_jrXo,0.019231409144898255
PAcZPUjLdf4,0.22594607073388404
nt5DwCuYY5c,0.6877634852539452
-Udvb9awDxQ,0.006424909457564354
vhpntW_C-HU,0.3587095179129392
IzcX9bTJLj8,0.6778953489131079
HHrWkArZjZU,0.9772052764892578
spHB7IEFXbg,0.7886330187320709
4GPmdmn9_ZE,0.9017279744148254
RsdDyiMlBJo,0.4316895237493822
7gEzEAIELgQ,0.21293957995718255
L_4BPjLBF4E,0.20590438559854218
pLQVzwI5VYs,0.29104358062148095
daWY_OZj8Ec,0.9417344331741333
gmvvaobm7eQ,0.5155315860381251
HXGaabF6T7U,0.4578386991051957
rOxO_ICdAmM,0.10402263584893418
MhDtioQkDVM,0.4404228426462326
tXaQRl0eKd8,0.33808634937661936
gk3pKl3vuVs,0.6741385340823659
GyI3WE5PKpY,0.33769466520834934
jSxCWLJt0wY,0.18740247112332975
S94VK0nspzY,0.9581698179244995
LZzq1zSL1bs,0.4233058882865605
HgBpFaATdoA,0.6544982055719528
4jmsHaJ7xEA,0.36910946692303553
uB3i-qV6VdM,0.6066596425874822
pMMK6lQvBW8,-0.02896316722035408
HR91Wrr8KH8,0.19483634478580333
uyZXxLO7rSI,0.14552125691014126
Vio77-XAXTA,0.986467719078064
DVbiH_P2ogk,0.21164124388165567
2GS_I3p4Y5g,0.9654619097709656
aCEvtRtNO-M,0.21741880649733275
rmKOOxU4Gf4,0.11182955746498292
sFgIGYywJIY,0.12818301602133683
aZJn7rbnWD8,0.004878238309174776
mNB8NlwhAgg,0.3600681307165492
AfAIS7_jJrk,0.235697080228859
r0Ogt-q956I,0.33475369974861485
AYWLZ1lES6g,0.10704865866419447
zu9r2Zsto58,0.651994233058455
Oy9xMoLh1Tw,0.004113052040338516
yVh0lVlerWs,0.016475227661430836
yIRL4xtmXE4,0.9742363095283508
8QEK7B9GUhM,0.13002303598849832
UyNuSH3UWoY,0.13334674173249647
rq_Xl71d3tE,0.39905526489019394
puy_euthj4g,0.9902320802211761
Q-znUA9xSIU,0.03021382911378421
rDu481JFwqM,0.25375036014698477
YS88akncKK4,0.02049606665968895
qLK56SHxW0U,0.012048892211169004
knQlJIjSWBE,0.27065328296617064
qo_fUjb02ns,0.0011233801057489745
kiVhhqArRyw,0.1912070153319606
q55Tusc-rxc,0.49664855282753706
A5UjC8c318o,0.06677708774805069
mzsqulKTwO0,0.1666685250323583
m2BzvQyKxwg,0.43396102020443744
N3wJwz97b8A,0.4933810255569505
0NvVrXfsBrI,0.5608095156239371
0cIrq6MdVUU,0.705282014173766
0xSSonMIqBk,0.2281144862617588
V4AcLJ2cgmU,0.09185303378464715
5ujNzQAp7iA,0.03253135457634926
57BKHfavqzY,0.21358071402798662
Z5s4cWbZX6E,0.23902059569954873
MTJZpO3bTpg,-0.024023799129596297
eWoVz6Qcp0w,-0.6420530676841736
bwtSIdgAR4I,0.1504586747331713
VYA17BrH9rU,0.2568023777829936
drmuwS23qds,0.18861024780198932
aIIuv8BBTJE,0.13229950797708276
YJVgKF__qrA,0.0711224854863358
XTgqCB8cPWE,0.4530773982120564
7Mg9PW94iFk,0.9181684255599976
6gd_MBRyBWE,0.35354940104298294
M9ZvWjFSIl4,-0.12638645060360432
TCTZLST8te8,0.4460593983530998
J4Qsr93L1qs,0.8329335756737877
SAUhNWQ0phQ,0.041210848056512026
cY_oXEkr48M,0.09182514048579117
rHKwIYsPXLg,0.07892873962175395
5dMXyiWddYs,0.5793730669332794
u9ECps9b664,0.21176123590355597
3OGpbWLQQbo,0.5695936214178801
xoue4-ohk1Y,0.48993151634931564
2MZs44gSIwg,0.23644863859562948
8HifpykuTI4,0.38234461596770647
tS-Ptu5Wmh4,0.6372072889159123
tDZxKM4xNW8,0.28182354082417643
J_YLjCTOFWE,0.16182994088258174
EVsnzLE27Wk,0.026769057749149446
u2aiUs5giDc,0.3199341821507989
Vm7QkdWZvCU,0.6010152986915461
uqvFDm93uys,0.39271717332303524
uzj7cOGM24U,0.018672220641747117
BrNs0M77Pd4,-0.04120029933819301
uR1XI-0wJzA,0.5285541713237762
s3NvIc5hCvg,0.007841240614652634
9OWiiXelMDs,-0.17833677185699343
zTioBYdv2o4,0.1221995118377923
V3WQfTlW0fQ,0.23585206270217896
VW1ssjF80AY,0.18839108045340108
WXuK6gekU1Y,0.3597170829060035
cxOLMXXVS4s,0.40419769175350667
t5YwqZqLjys,0.23591560807723838
L8h2CHh5KJ4,0.7067668080012529
7yB9QOvYIR4,0.05016521746814572
f66MiCvFlB4,0.012440475635230541
kPXxbmBsFxs,0.6081282097872728
9W6OQ-ktQhU,0.20320067498339442
oeuJO8i5gTI,0.5198397040367126
-luOovu-fLw,-0.10132376877591014
M8SX4wwHiFc,0.4943826344723885
0iaAvNnw2hE,0.6324457388282532
2zCh_6GO49c,0.10012343571591739
wQjZERRGmio,0.10926499093572299
fnwjsO9ky9o,0.2070869450777849
uSAMVydkfBI,0.18240796089438455
M7ZJ74RVHqo,0.0309259295463562
Ro0S9DfzxfY,0.006153145354862014
1vsmaEfbnoE,0.38961796374932756
0HoSwHNUOHg,-0.13270254484992983
SWFzAXyWOoE,0.7408411204814911
tfa007Ts1nk,0.2831174957876404
429BzS57yBQ,0.0558745343725951
h-LGwS4ZCHM,0.39730235290406757
FWHxq3Femp0,0.10873398184776306
JZuw5F_lHhw,0.24972569086695978
mkRVHLQmsp4,0.31719745790855924
l3NZgVBVuPQ,0.2714594146323011
JxgmHe2NyeY,0.4037526995488908
6wU73ExafGM,-0.12197643471881747
zAbrzDuS7A0,0.1105173168177105
-UBaW1OIgTo,0.013523913374781229
3vDX8LhQalA,0.1516814063273911
eypu48CbIIo,0.10458852852651374
Pjv_G8glL0w,0.08153659105300903
HTIS3Mft3mk,0.3839012497309141
0aK8CmQko0s,0.5933715546113515
PfY187sxquI,0.13330087778239472
NYNN87txLWQ,0.2668130154840839
fqDh2-vqnTU,0.775123273798575
gmkA0f5OL64,0.18811922786491259
hqddTc3SKhw,0.3122144053639794
nPrhFxEuTYU,0.6145769033391137
ImUtr3kCiNU,0.3730557772641381
ViFyW7_z2Ns,0.5212419049607383
J3nFOPoVnPw,0.31732302028510884
SK9qBFVv40M,0.004149836953729391
SW6AE76Pi50,0.1280556493552356
xtUcDWWRqEk,0.9187713265419006
_ZQ-lQrK9Rg,0.7216541734504506
4yLvdOx-Mk4,0.42807117104530334
l82PxsKHxYc,0.10002333674108603
jZ0U339ewKo,0.2802049990378968
vpm8T-JhOjo,0.45198468473870634
Rmtr9SY-4VQ,0.24528880301862954
enZJGQf2FUs,-0.06887020341431101
brSNwP5OsUI,0.2621005780529231
dRECy6Bv9jk,0.5764006786812388
Z7olddMLs28,0.28387895226478577
fvtrRGmv7aU,0.20738315301945673
05KLnErGQnY,0.3269167698127332
IssB4wkge4o,0.24023766800202517
GrVWqiFyxdk,0.8343846095459801
OXwZtlcTiuk,0.36852624420440777
Yzk0_r_ZWZg,0.003059125505387783
S5t6K9iwcdw,-0.015158361916699632
7R52wiUgxZI,0.47219339016159306
YT-lPqYbv9k,0.9855600595474243
0oyCUWLL_fU,0.5099225292266497
_eYDNcSYUCA,0.16403630661484114
YJ9JPTVq-zI,0.0028446202632039785
Js2oAqEN_h0,0.5392039741855115
GjabdS4GIio,0.2287351059633322
6stDhEA0wFQ,0.39424807040179716
i8NETqtGHms,0.2246202106920358
vFmWUjfCgC4,0.21732959755480522
wsXl4CLOeew,0.010735370684415102
4AXR0v84DB4,0.1904212994069406
gJ9NcxPUSPE,0.4282949866083846
zKrGRaQCWQE,0.018081081953520577
fWqpPsMXVsI,0.02600642091235263
z-EtmaFJieY,0.27748934486079446
28ugd8lS5k8,0.013777584747665307
DHyUYg8X31c,0.07866593870238774
7WTEWyn9zfU,0.5694762813201284
9cXM49Iu6lM,0.022501556710559707
SHfP8SPOEEw,0.30457947715561273
5AmYlIMaLqU,0.9928365349769592
wiscimXGqxg,0.3254540828341884
5cFUZ03Sbhc,-0.09626743896638579
ZUKz4125WNI,0.655797106299724
fTD6ConK71E,0.18031552930672964
BK9M6wGEf3w,0.8087767615603904
eoT2890I7yA,-0.15562760829925537
fltUauX6FKk,0.3971029421637714
AJU5Jz6rQ20,0.0064072031527757645
jyk4ISfdMs8,0.6477480389502099
XoVt4z8yP3M,-0.011588476598262787
vdiK1d2Vzt8,0.3271264135837555
5cBjPJe5ExA,0.08911240100860596
NHUjYTjGEV4,0.014242389549811682
lbEXe2tJ3MU,0.1861621522344649
qpoRO378qRY,0.48194442917979324
upUZU5hvZQY,0.013392121531069279
oJNHXPs0XDk,0.37161568623431823
P5HNeahRYDM,0.22507435705860435
vtp63tY6LLQ,0.003983571659773588
oNT1MrIhtKc,0.5028322338343294
pe4EnivoRHk,0.6232679080218076
v6VJ2RO66Ag,0.7613114538487915
MfIjxPh6Pys,0.5767068937554789
qmPX8-HK1os,-0.005308508994874577
hIO4Kli1Zz0,0.12030719054330673
NhSYCYjE8jo,-0.033055122700278404
hpgXa_5kKt0,0.28492351397871973
ixIoDYVfKA0,0.10754510239229122
58SZ_2CKvkg,0.5007216582889669
Le122vas9aM,0.06574059056488316
UONU8mq7fJw,0.16002644332512583
G52W5xM-JXA,0.07459574540233717
Y56WEVA2tXg,0.6271746218914077
IToIvCsyhPM,0.17248274914603015
v3SePt3fr9g,0.753781488580474
_U2YobRC8OY,0.014155461308028963
tqiXLhzc3Ak,0.5439067153991866
uzL62lh6x9g,0.03718112058363501
0-XzHUSZBQA,0.01484576053917408
Jm9kwEvisM8,0.006874656770378351
kuvFoXzTK3E,0.4423572110286747
YYTzyxzXwII,0.7393705248832703
OAzmsYWxOXQ,0.032443173229694366
ZHUvV7tgzn8,0.04385084213203633
Hm3x4Lh36io,0.5294059586074007
Ui85SVJsRf8,0.22081804988438553
0zi-CG_iB6w,0.3244431494510573
r7QZDu6etd0,-0.05889091268181801
HY1t0tj45Fk,0.6019039414823055
weAx9fwMDwg,0.6003820896148682
iZjWEVkDrHY,0.7797307141125203
VUoM7p_Fb1k,-0.15003786373616582
sY2Jg4kJujk,0.2655194196886441
FTA2GVekXmo,0.01288329903036356
6PL6Yr9RNjQ,0.5143367278250751
Q9CAHCyEKGQ,0.8914313328697078
PeMlggyqz0Y,0.23847112329623085
-EpRqaPAOz4,0.16915743307008596
Cwb9_4YdNyQ,0.23522246081971018
218lD-c3RgQ,0.012070217169821262
S9D7qgcoiYc,0.22486335784196854
-aHBwTQQyNU,0.021663479320704938
GuYhJ-kCnGg,0.4891885816274832
me9dg5R1UnQ,0.8985314220190048
x7qyVD8PkMs,0.2942611954307982
flqQpOBFYM0,0.22034620181657374
_U21fT8VLp0,0.3253138465224765
x-FwSiK6s_8,0.18173477509386698
Cx5aNwnZYDc,0.12567660969089048
S4323uM6d4o,0.711053677102817
0lEsbsvcU9c,0.3357975508887495
9BdUTvbk9lE,0.017087861895561218
O7DZcaV6MaI,-0.18077467777766287
RF53NPPhBmE,0.1523304240513217
wtS5q_F8v90,0.23499605432152748
EuBBz3bI-aA,0.4372847061501947
XYJbasP66zw,0.5521017676939094
jmmW0F0biz0,0.6270255382210153
ZDBODTy92Ls,0.2633649947164387
dzC5oT30jKU,0.39257309306412935
Mn8Rbc4DgDo,0.05249008908867836
6M5VXKLf4D4,0.15836052638011955
cPni3HqtaOM,0.8587033152580261
2lPz6dIRJpo,0.3904109377364971
5q87K1WaoFI,0.342989567768207
K4gYHrJMKRY,0.39672996502360514
FtIEhrZD_5I,0.15510094191569868
cOiGU2exv0U,0.047856791357820234
xqyJieYs_XY,0.08451115182881327
ZgmuzhXPHLE,0.04187485948204994
2XCpOuiy_e4,0.6496184260776157
fBncbUmO-L4,0.9363414564169943
BY81yNttfpg,-0.058876294032298826
bmwQdroprVo,0.5018729078583419
rzNr9roiXec,-0.5456978976726532
mkiDXTS6-mU,0.355979546794068
H8VtaNM1wqI,0.7837951725348831
scq_Ghq5EfE,0.0016537869814783335
ikRZexPulbU,0.06971297008988729
Oth_jnB5lOA,0.4896459143457746
n_H95yW8XK4,0.0360717847943306
oGc6YWMDaKE,-0.015545515639435811
ysQun8VbUmM,0.7784782038271926
wCcnZeGAaWk,0.09209955965664673
xs9gUA0aDgI,0.7685640956790719
TR7AGmey1C8,0.27668271889411294
b5F667g1yCk,0.5641397138123332
qRwhYk8UrSY,0.012440475635230541
T0KG2UWmksg,0.14575387062707348
terWb6ja-HM,0.4931114080108025
BQifS4a1y2A,0.23423907986735223
GHQyeXitLz4,0.07268471960048593
vgUWKXVvO9Q,0.20154943242821266
XmNQOSGcrUE,0.4201626588223311
JqnjGGuyYr0,0.24550586888002918
8nFW_y9YiFY,0.341001991648227
GXZ_smydwQQ,-0.12602918781340122
mEsleV16qdo,0.194678743514632
32JkjNLRXRM,0.06820419097767769
Rn9OmxLDdXM,0.30169982789084315
x2x8Ww7Es4s,0.016949961561379602
8aNmb7dWLRY,0.3448222790760772
rmCMFcB3biE,0.13342688594216665
fF7PYGkoxNg,0.22596576093579643
noVZqGc2hsU,0.9881089925765991
C2MWrCdGG0Q,0.9633235335350037
AsNTP8Kwu80,0.6310755861482369
iBWixWwn5Dk,0.7818729052941005
cJVkqh7-EZs,0.5613635544297612
DgpYiysQjeI,0.1678616822514228
LuikWL9RWZ8,0.23878590834021707
X_HV6jcwEbc,0.7541073555916747
my2L9-SpnLY,0.9631853699684143
0B1rYAQj4Z8,0.5142785310745239
7htOOwrHcyc,0.24065525216403708
mfhTwyR_41I,0.39053530690984595
7u5ZRoyt9vw,0.1443025589885436
AEoQ8KU-BrY,0.30444374680519104
bxH8W6e0ou0,0.1867828622746926
8vK72UJJjb4,0.09090982136898657
1LyacmzB1Og,0.23707453859711272
N563APLFjZc,0.30278202819172295
kWmX3pd1f10,0.36283030947011613
63yr9dlI0cU,0.2972420110727707
H-RKfV2ZJbI,0.004893710016499665
hcT0npnBB3U,0.3155752478909399
8neI5zedq0U,0.02289908519014716
tLoP3c7qd_I,-0.024494864977896214
Mubj_fqiAv8,0.680542460212484
6AK7qC2XGHY,0.3195802880900687
R7U2lF601jo,0.013077269117939211
4vaF8Vbsr5s,0.4625023375900293
ppRIsJRgI4M,0.012481975485570729
Z02U0zz0Pzg,0.3640024274751465
qV76VwCG1Cs,0.32265078742057085
m0OEHRA1Kfs,0.1403791533438754
i8b4pEYIsIM,0.07197224930860102
kuB2mVCn8_o,0.5118876284492823
h2FDq3agImI,0.342144883887405
Fe04JM653fo,0.6504906561173912
2QDJ1lBGPnQ,0.9813941121101379
14sawjev1sc,0.6864578882840255
lEvoMBwD49M,0.6515338067741444
gfJWr1uVD-0,0.4085094990829627
3bhP7zulFfY,0.009345442118778084
JWYsWhR3Pxg,0.4547811452322384
IRMhT4FWBrc,-0.11661189360073915
4eTyGwhrJK4,-0.044766880385577676
tFIB4V2TLFM,0.30074119567871094
3BPzqH5sF90,0.3042901888732082
gWzfL4nJB0o,0.2230847759910507
S0k_SrNBMPs,-0.2247987985610962
jNP0tcm1GnU,0.2435914243238304
OWvy-fCWTBQ,0.37401400595151174
V9a9tsNNamE,0.06077061958134263
WRUliRQ2MHA,-0.053090270623215474
xziWvBW7ngc,0.28570401607331863
74DU02Fyrhk,0.775870036774214
Kw4j-7Xj1jI,0.017108484792212646
GTvy9TCt0IQ,0.36154137106172535
qBqIph_nwZM,0.7898851037025452
5mCnQz3wwAY,0.3365923584039722
_vy3Kr9v6ns,0.244060088127167
3fOguIUUxRo,0.31106311082839966
7O_X-OYQAJo,0.06546564451754963
-pIyGuA6Qo8,0.30955078879225195
q4YjY7lN0HY,0.30879768525035334
NlOcSPDFnk0,0.11037791200734993
TQMhCifLhxU,0.33992570880363926
2frJsC_Q3I0,0.6423494217936726
6NkFPJfSyRM,0.4128280221055703
cvXVK8oqU4Q,0.5950586359697179
VlPBAp7gHqY,0.4046476325374623
EvK2ZQbMn8o,0.4370594682699506
VKnoyiNxflk,0.8640579661753561
wvgjo-87aVA,-0.15299824266853154
v4Qj1UevInQ,0.012980689643882215
Av58KL7XaRE,0.6740411772307799
_j1eODrkGS4,0.004701075965867323
Gdm0soVL3-I,0.012440475635230541
i51lDfXdgxs,0.0037030947860330343
uUT5IuUBWbA,0.3021746485804518
TJveOYsK6MY,0.8011955465979369
Bl3XzBWpZbY,0.19960470829391852
WHF8y2mJFxA,0.985314667224884
eZOXrrQmYbc,0.5026220173458569
l4AhpxpMc3g,0.01334954984486103
xL8UXk_gBJ4,0.0032365901861339808
dvcD7q5nERY,-0.13219559995368832
mQAEmC5CAxM,0.9644625186920166
g-klWxwCRyk,0.052067148100052564
H-c49jQxGbs,0.45621096854770976
BqcJvn6nqyw,0.16442899961045582
UX6EMBeztyQ,0.005722177214920521
BhaJVZNpL4M,0.29273293498560665
FxjKXkJgDy0,0.364162006707955
vaaBrjXjp9o,0.24394687078893185
Hsvo1Klx6UM,-0.15399497550513064
R6u5EBWAssY,0.5579679005062786
AY4ajbu_G3k,0.19345214541646025
xk8wHY1AFpI,0.20606829621297923
Cu-UBInM2eo,0.5142671613333126
MIgg4aiNo4Q,-0.0048042971861715885
muLPOvIEtaw,0.20400057608882585
_gqNo0kGUB4,0.6268878825695107
4U6ueXqZHYs,0.3197418440868782
3SiWtAnUROs,0.2902380701541619
tFx_UNW9I1U,-0.007535832309127648
S5KUpTgoSco,0.37673645384545396
5xp0taGM3Kg,0.17413509253288173
AAr99hQ64AI,0.3594058128446341
kn7VagwwGLo,0.9729318904876709
U6ieiJAhXQ4,0.04021100660223933
ho9vNL4MYZ8,0.7363957328276395
JJCq21Dc-Us,0.5446766872134035
lObTKiyjcig,-0.07302307966165245
oq4Wu1PjukI,0.6990954954608781
I2S40GSRdRE,0.6511523270358642
3Rx2x2traxw,0.7758359053087506
y3iLOxBTuy4,0.2533545888292784
fFtwJLUVyg8,0.01307249441742897
4QzBdeUQ0Dc,0.18197006983419192
rEDzUT3ymw4,0.21289416695057148
bn8rVBuIcFg,0.4696816778409162
SCJnwT-h7Aw,0.11517760853337891
Yq0QkCxoTHM,0.4165637003730055
0ICxaXhrpLA,0.28251680245297195
Yj7sIK0VMg0,0.29152576115394224
r9h_UfSqrDA,0.01344519853591919
b4MUt3X1fS8,-0.22711216763979414
HtxuSwqAwrg,0.36972215735623915
gWSUFST6EmY,0.8461865484714508
1PJsZwpwZ7k,0.3996717434676074
RtW-bNFC-nY,0.8188583901725136
nbncJN4In84,0.4815379395149648
LwPmxT_yIBY,-0.007062821113880003
JO9Wn4qQF3A,-0.02891249271730582
BTkXas77jeg,-0.31346649831781787
M20q9Qty0g8,0.08107421788926646
xDznrlNcygE,0.26557539601957325
A4OVjWeVb10,0.5246986345835214
_6R7Ym6Vy_I,0.5187161537899437
GYaR2kScIuM,0.006123281084001064
578ug9EtWRE,0.6224713422460881
qXZt-B7iUyw,0.09789841224388411
Acx_Hcvh2g8,0.554215353930852
tIeHLnjs5U8,0.4655658920423212
fZTa-9UTe08,0.9217016339302063
tSn4LfNeBQI,0.06488693505525589
SSE4M0gcmvE,0.32318578904064804
Beh13Cd_QbY,0.619923127935557
iDBBVMptlZY,0.5432168008435679
q7bKMHdxtPU,0.4535592390754228
60cYUO2bPO8,0.3390853294397168
mNP2iIqJnIo,-0.6536362171173096
vV12dGe_Fho,0.47650323532480887
_aQwa_kriPI,0.41257218432656373
WHwMkYh2rvA,0.43199424067926073
5UkCTdN4m5E,0.18268215163455656
-sPPcANjWds,0.05661907855092602
FpvnF7_-tW8,0.104755468106832
s-s9ilkMVj8,0.4398661184524153
F1LktIJKjAg,0.7115170681430012
Ea6rS-Vs7CQ,0.7533549269040426
jLL_dPD1o3o,0.3071881228685379
r3bkz6xRsls,0.05225893756141886
_5WeF6t-fPY,0.17838351024935642
KcMeaPmuWyA,0.17740248143672943
8Vd3lDAo6m8,-0.019690691404754206
hbahJFVrhmA,-0.22891923133283854
wJ9RyRBkgPo,0.6137439784500748
f38xjYKxc2o,0.6489284941926599
SF4LBAeCISU,0.02416599728167057
IMrwjn9rwQc,0.5426939183365433
2ePf9rue1Ao,0.8534595129850834
8QRq7YPm_HY,0.3840888641153773
OI1vPRfnN2o,0.04647597407863144
OAFflBIiyqI,-0.34851011633872986
V_iSA19ggpE,0.14680765617864547
v74uF9P_UKM,0.27911414902375425
xcODUk0o6tU,0.5299453147856826
1FZ0A1QCMWc,0.6722002958115076
Fo2iyeBZtW4,0.5367107623311821
Bi3Js2L_Jz8,0.06135845386474323
G0y7NIPHTOY,0.6873801566660405
8MjIU4eq__A,0.152050083750298
-GECSptc9vQ,0.2098831277436171
JgHcd9G33s0,0.25027083917463827
m5E6QxKFYlM,0.6053494679741561
gZpUcsB9TFc,0.6405823522238772
9YB8WqJwc30,0.7218983904458582
02Wfni1RAjU,-0.015403623791022714
ZMbAmqD_tn0,-0.26984079679201634
O5976Ivj0m4,-0.06632078811526299
3Pu_ZUDCxPc,-0.1231197749200479
Oxj1jMX0CG4,0.46712625781793266
etaJRTWMek0,0.042095086607150736
qYNweeDHiyU,0.4611711524951432
2VIMSZemazw,0.36368891937502973
riXpu1tHzl0,0.44050297343798367
8VUzuZqWUwg,0.10706395900507774
P2uDQiTz5Ss,0.014206266030669212
KcBBkgjSz6c,0.2380704924294112
VxA6X2ageOw,0.5645565084962394
xr_eJp3ctzw,0.11668652296066284
K_YSLLnnmUc,0.012440475635230541
NdL6RW7Aa30,0.9629289031028747
5pMQGT3O4CI,0.07257304023951291
O2RIvJ1U7RE,-0.06786207422821744
9RxkWxdea6E,0.01320735706637303
ar4SSx41YBY,0.9566036462783813
eGolCloRUh0,0.9800390601158142
Vof8ytP199w,-0.01549377967893938
TGTn4JPPkoU,0.3971958434317309
L-BX5AjGhlw,0.026084203026631343
0CXQ68H0gRA,0.9682902991771698
N9Jc90AbcXc,0.5289662784198299
fn33V4iX5G4,0.21601008398641852
YLTcltIJdjY,0.011627897653462631
8dfUbRDSeOI,0.271234896446124
0UlN2dtCxEg,0.008915795365884976
nU1UuXQ-xp0,0.45620074347847683
Si4dvBbWJDM,0.23654606694717945
qIvkEEIA7dA,-0.6863020062446594
-hTmsyPOJhw,0.1474689568438899
D0AGmAW1pdk,-0.11169792711734772
Mb1srg1ON60,0.4641212578641162
EDpklKP-Sm4,0.4316658510693482
DsBGaHywRhs,-0.006801724464434858
MDYZXB97Pws,0.5222112698158106
ii-FfE-7C-k,0.18043479971928783
z6V53lKjiiI,0.5340822877274273
_G8gAVcbIE0,0.6507514961607134
GXTbZmzeubo,0.04016016130061593
-4N27QlgJNQ,0.15095093376745855
CpxrsLkmYDI,0.0012179898330941796
UDQ2gJZqqdE,0.15354785856649875
8Ja_7Fx2MmU,0.392446510139126
aiKFBPiquxg,0.4997445670091302
TfOqbDYYjyk,0.2200636863708496
7Azhgh0nhBY,0.015427433885633945
-NQw6NIN4wU,-0.050804459143407824
sPwf1zVifuw,0.17627804580724285
Ki9dVIK7Ws8,0.2637113161207097
q6kJ71tEYqM,0.23889967827437164
6R5ub-g_0j4,0.6533239981512299
mWrWZD3x3Z4,0.5730519844219089
T3cOU_ljfr8,0.47263098443860524
2HeYT1wOnZw,0.4991062805056572
e-QHuGQhd1E,0.5760452249842937
rQEh7d-qa38,0.2362991992322418
gIqCCx3hRL8,0.1934836790641605
-bu9x-UT0yk,0.005747960725178321
FbhVtb7WlhI,0.4665761559641227
RhDFKyh5tf8,0.32892826199531555
hJP5GqnTrNo,0.4179052866210435
9NQW3ZrnOp8,0.34990197431361963
kkq3UWprxbE,0.1053562378213769
fjovshfXCo8,0.5844670480989655
nGz8GyyVI_w,0.0022481600753962994
jBlTQjcKuaY,0.761024316566607
_AVBG6pgPhs,0.7304764400612782
Bcgms_xkpSg,0.3494866192933531
7cD-CTZuaHo,0.13769676722586155
vcPNp21Mdg0,0.645235754433088
mJeNghZXtMo,0.22357001085239475
gVWdxk4QjEM,0.1455331244958523
Wt6dPvV74QM,-0.5704488754272461
gMa_QHSAxOY,0.4522361159324646
t4K6lney7Zw,0.38843370627795126
Bmokxgp8ttw,-0.2982866872229021
E4w1FpkvVYc,0.4956929637119174
JT2viTz_0jU,0.34652138427779217
UZd5-YEjk5Y,0.04024714231491089
WmEpKFPVv2A,0.0962245894495734
Xw3bsh0tWFU,0.5834896145388484
A1kgMEs_ALI,0.3694985343408289
QB09BPiD_x4,0.035192724516881366
HyZhanswBBw,0.1315612370476543
OKaEbnmZ0PU,0.5178630473190577
BR9h47Jtqyw,0.5910427383475243
cLLsc4Hlo-8,0.12268782228516033
yd_j_zdLDWs,0.734320278330415
gvcbOSAkF2M,0.04548182257241418
Z7dZWbMtlY0,0.03224489489685994
a0_lo_GDcFw,0.24039979117927762
xvhOZLMaquY,0.19437877601012588
6JhgNG1uuoM,0.14974420032918903
Dzrh2uQgHiY,0.13914519967511296
TO0J2Yw7usM,0.18353916793406802
p_CeELTnWuA,0.013554085046052933
qB4HGMvrhwE,0.3326800295479116
Sqa7oFFL3VA,-0.01631621951953723
lLeRcD1zh2w,0.37009420637482904
OmQiLvnY3WY,0.6602042419229596
A2c7puTOANM,-0.010349107595781485
GA5i5M_Bh50,0.15334277421061415
KZXpdmLG6vE,0.10998165141791105
vbSDYVKIOB4,0.1898122855678334
sUc5zYwxOPA,0.2877359476464335
CMrHM8a3hqw,0.07435456938820516
TI6aX-yU2tA,0.7184333205223083
aircAruvnKk,0.20410391711525866
WZOAtnI8u_g,0.21351170617885687
ltQigQ3Nkf4,0.15191104746027778
lXY6dmYV_PQ,-0.3890222907066345
TpMIssRdhco,0.5616294832865515
68lIfswwG2A,0.5006471500352123
3Pc33647_FI,0.13030464130226904
P0o7W9gnijQ,0.8473295288753103
GweFbcPlJXg,0.2423986991597039
f4utF9IcvEM,0.38179444542313723
DKSZHN7jftI,0.6273591073734028
TVlHfNKz-LM,-0.3678445143998752
GK5ATUhdH74,0.24694920508750506
Hdd9tcs6Jwk,0.24753417422162424
ZbiQns2n0qI,-0.5706737041473389
NU1OQStNLkI,0.2372632788860106
JeU_EYFH1Jk,0.21300042762679205
uBV0w8Qwhv4,0.36445486985755393
HkS3cG3jCt0,0.04162869453933593
53K1dMyslJg,0.19174681400733873
P2zdHfVj78Y,0.17887573863845319
56MD5YtKo0c,0.5164146984732751
nuE8-MIdE5E,0.7283762006000394
uP-eXrc44tU,0.42135768138210883
VF2D9hEV1cE,0.5308933013806143
D85fM2B997k,0.010422345208512112
4oPpSFp87iE,0.654251750272054
4L86D_fU6sQ,0.3577151876497304
3c0Vd5FxPks,0.47161146185123876
QhRLsssQoeM,0.7381575701292604
YRhxdVk_sIs,0.496490305227052
rpwwu2pkhbc,0.2808046993578236
gA4Mqmxwxys,0.3498228501196798
vC-MvzOk400,0.1949409896042198
PX6sS2oV2zM,0.2634298471076524
ZojOd3Me56Q,0.005258644465357065
IYkoW9pXxRc,0.5366047763228006
MMIsbl3DIL8,0.17896455493089533
uXbi3JqZiGA,0.14696169378502028
mlxoB3wI9eY,0.4268774850625839
YSQRWOy2Om4,0.11506665575318038
32YgTYMhT4o,0.509654205251971
HcSkBf5EYcg,0.07113118851944063
-cT1m6NZYWc,0.19635280183766124
jPmG2Z-X_DI,0.3065916184308375
Mw9etoRz0Ic,0.5993714512101399
qR3ji24PJ30,0.0037994212470948696
EYeF2e2IKEo,0.4474005550160473
qyvlt7kiQoI,0.631959022472106
sUEKoEgwN6Q,0.00460653193295002
pTHBZ6AyzOg,0.24263251822201476
zxzuYDf2B0s,0.11362795776221901
60qzgcJObyY,0.34480941399869675
ihN44PjewTs,0.2967835854400288
rbH2R6ZbZ1U,0.23966192969167135
EBLVAMuaAwA,0.2637550251413041
cyIINCqyi5g,0.31564336799468995
tr6aatJL84A,0.2271625498930613
PZQMyj-9z-w,0.9043470928882016
Lu56xVlZ40M,0.09524694169010621
iqHP1NVto4w,0.7115810476243496
aUlYe0Rka1o,0.09340375065385306
RCApqAN4oMc,0.01805822364985943
cVNHsgKHOQQ,0.19777279188118577
dv9q7Ema40k,-0.04888280516659672
KHAu5A_flcQ,0.021764012674490612
jFHPEQi55Ko,0.29893536468036475
myba9Brsg6Q,0.5521692306307765
-Ig7FDOMCNk,0.9862973690032959
VNz3KGoAhG4,0.6207479324028198
YAMhxfUcfSA,0.00758108077570796
tL_Crk4m8Zk,0.15655170364753615
tDhD0fzaU00,0.18200308829545975
4gcDNtvXHPM,0.15166315835501468
a7RAfQzm5tY,0.10962461289178965
QX9aJn__bCA,0.6697492003440857
AALBGpLbj6Q,0.4969602132758354
x8FHHH3flKw,0.7443520923455557
yI18t6suGVw,0.4428350512171164
V-OLZIpxtXY,0.07001957995515991
ajeTYqhRHno,0.22802679768426876
Anq4PgdASsc,0.5195112522242863
J-guci0Exz8,0.40082459229088846
C3s35OlzHyc,0.261907638237392
k5vWj1qJw0I,0.8652284344037374
HIZYT9FdgoM,0.9977677464485168
MT7M6vQPOno,0.7154865246179893
DUwDqSY8StE,0.08384209406831446
nCIv6BToTxs,0.2809956103070256
blUiq8Ha0n4,0.20435030721127986
Y4qO9unerGs,0.6664997811369903
ieBDpJSHTRI,0.06742211431264877
U9Xj6Tpmxx0,0.7046431064605713
ejgscF9VvJM,0.011444720439612865
q4IqM1WEvsM,0.5947972045549633
xItXrrURG2k,5.515749799087644E-4
73RL3WPPFE0,0.2799114585259782
EfIEKqRtT-A,-0.29696521162986755
4HKqjENq9OU,0.5729687132108228
yZ6cELv8OZQ,0.01945899720885791
wl0FGO5r2z8,0.6690752270540384
yiXAmkimZRQ,0.2563172326608944
7q8XQSUeUPc,0.6251201400991704
1b4gDSodMwo,0.33035067719340855
rvWqIn5w_gQ,0.9209349751472473
9JVc06hC1RQ,0.16416893687204245
KytW151dpqU,0.7297580135664559
pGlQLMPI46g,0.5335386550453093
-a61zsRRONc,0.6648593212698753
Ai0INe_deqY,0.6930162896372275
mQRrdHZJgzs,0.015722818672657013
S9ODucQBkVU,0.52171083570431
auR3R__PH0Q,0.36744479987499934
2iHaSVEadiI,0.42292498609276663
88jjjqGnkhw,-0.3789574522525072
P4o8AonCFhI,0.48361571487135435
2VitSeNpdJg,0.5334501616039201
QFvsaXO1LqI,0.2568471279772386
lX7f5Lt_V70,0.27390007079479806
NiY32wS2UVw,0.3729954052285072
jaeNlxhQL1I,0.1857379872817546
MGINDYMsWYc,0.38780073803448034
RvZbObFiTJY,-0.3322768910561568
1wzPr4cUoMQ,-0.007760930280956347
WlxvuJZEIJg,-0.059279339175553655
2jk1kesj98g,0.524996280670166
6jYQ1PlMklQ,0.4287447682370178
mTHCXGPWbbo,0.015492700971662998
uOvovORN4qo,0.15958208771019022
N2ddftN4vXc,0.004109280649572611
8agnf7XvEDk,0.1304850174572305
urRbQ-xQCLE,-0.05196408592522717
BjdpKNRVuvY,0.3299530151135013
vNY-BET-0K0,0.39384114012260135
Lt6XnO3t7QU,0.5200684070587158
2Tp3aSz8jFE,0.8170630719556701
j6EB9HO6acE,0.5151857369011218
AtCTU5NcIVU,0.8098574669702965
5OneHs9GV0Y,0.26040247446737913
KKNCiRWd_j0,0.025819580434819227
5P9clZaBcL4,0.0488165831284634
CfpsMkRSsVg,0.4764214654078744
amfEhMf79vg,0.09341581026092172
2nrrSwwOyqo,0.9838729500770569
PEJe8L2jwdE,0.0029664337635040283
K8Y4i5yXgcc,0.026666194200515747
oVsLAlw3Bbk,0.8534143037395552
uMtmhzLGzrQ,0.917048990726471
p-QY7JNGD60,0.33912699383667166
ebnZuV0yEh4,0.3620040771262399
VgFz0qdBz1E,0.2380291043404252
x2y9DikMOg8,0.1671986413868119
pn8Jp92tCGE,0.6703304676100909
-HizP4UQvug,0.6930591691328141
g-K4rgtFgSs,0.5899395800823736
z7a_pYs0pxU,0.1913376268328342
7z1K3ih7YDQ,0.7110587887000293
puB-4LuRNys,0.6015653940849006
cqE6WS2GFzA,0.27600597591801573
de-Ix7D00P8,0.023830136382737413
jBaH_g4QKAc,0.4436997987079219
n3MvV8Re3wc,0.7482790946960449
NsXJ1nMp2ks,0.06520076007158919
HErQNTkBtDk,0.6989402430398124
sfn0edwl0hY,0.09964459693552878
M8S7tza6yDY,0.48669545829761773
6XfvBb2L01Q,0.5417250480748853
xvHCVnIlRps,0.2227101397553557
8w0IftYUxRM,0.36659566704183816
JGw85BXQrvg,0.1777759761381455
FSit9d_2gWw,0.969031572341919
AcBPniWBmqk,0.012440475635230541
1qQ85yvyLhY,0.980989545583725
j-3vuBynnOE,0.24543149498729563
fWTrJ-st-H0,0.5922404173761606
0PrOA2JK6GQ,0.16583419870373114
K-A2aZ5XbfI,0.0038903162432169275
M_KyeqjEG6Y,0.9617689847946167
zfiSAzpy9NM,0.7742504490867328
GAyaQgfZTcs,0.2017428765719064
clKpYmv3jRg,0.33478899983068305
ERa3XqM6iR8,0.7449302673339844
E1yyaLRUnLo,0.3929226424033138
ikowCJ4hbUE,0.28920378543746966
LE129eJqPHI,0.39300552010536194
-SgkLEuhfbg,0.658882082413094
Mpg5B70PCUQ,-0.13146225244484164
3K-vJlVMi5A,0.17545941332355142
c0m6yaGlZh4,-0.6091662645339966
5koExepUUL8,0.15054815440837827
bnn3fiC45VM,0.03348241740254214
AE5jAZ7WgVU,0.6333267392688676
cT8igWvi1FY,0.02485109068867233
kSZG84NBLak,-0.103058975578853
zmIzNBMsQYQ,0.15373870902427322
BOTElbtqG7M,-0.0016392078250646591
XiUlqN1Ay0U,0.14101220427879266
btLxTTkSZuY,0.6348061687481331
2kzkARUQ7Fg,0.257094897950689
FmS3iPmkRXM,0.5303990099833092
V1YjZvxfwzo,-0.007767201401293278
g4ZmJJWR34Q,0.6129402038123872
bLak-_CnJTg,0.39673637377265364
sRcGT0LkJTM,0.8350370526313782
C6YtPJxNULA,0.19205410331011455
ajCQW9bI4nA,0.9324145913124084
QO-93tY4YWg,0.22610979462559852
I2ZK3ngNvvI,0.24397794826484698
W01tIRP_Rqs,0.6879812596443802
1qgD0-MpWLk,0.19408482298452887
kUcSgSzuRSs,0.19587066907273687
ER2It2mIagI,0.6479808527790105
qCWRnzT1riA,-0.047158892047332805
jNGsrhDhOjg,0.9623637199401855
WvoLTXIjBYU,0.14421235829331788
ugmzuS7K1TU,0.5329827070236206
xHqNllq0WQo,0.06423392169526779
RO97N0ERJ3s,0.19074485244830916
wdh_lKX3Y0k,-0.30809980630874634
TfkHrvct1hg,0.1544478060550069
1Lnq9jMqWmo,0.3350167336918593
OASTvqNGspE,-0.04364250141455551
9g1ydi946io,-0.3116280436515808
SZorAJ4I-sA,0.5250279157174621
DoHa16qc96w,0.24476823805518255
CXtN2fik8L0,0.41117260495957453
76h2lVLHn80,0.19865169868183633
ck2oTYOZxj8,0.11134278236281618
4I284KJ8K5s,0.5302159522793123
jh5U5BnpGN8,0.11436427054739984
mQ-Bxazo3rM,0.0024455487728118896
hsTkXqFz1rk,0.6003836020827293
PzEWHH2v3TE,0.16075422261634603
wD6-My8mL-U,0.43893592098111023
RzkD_rTEBYs,0.4581909726162339
RlPHrv7Oqg8,0.7907033095379239
taC5pMCm70U,0.5232327997188579
UbSf1uPQMeY,0.33957944510297644
Aof4BxK0UlY,0.20335462596267462
szdXDuBl4xA,0.33950752303713844
bBuCKzLTLeA,0.168182285990891
WGmath2RrYM,0.04078395299077372
X3paOmcrTjQ,0.41640144342522356
_d3xs1L4jeA,0.2867713363729589
y7k-zCvOYxc,0.3309564798276141
-8qzzN7CWxA,0.19620244962962044
snYHLqEtheI,0.3841151724569008
_JSR6e-4R-w,0.20516366897870533
lTzHlU3OrXs,0.45451684531548786
MPHQrVT97rY,0.21933029973879456
TEk74E1lNpc,0.9181931614875793
eVFl0JEUjcQ,0.08847929670342378
mJf_vJK6STY,0.2373712267493829
MYWpaNYAo0o,0.022111771007378895
5Z9hmN94ZNM,0.5858250788654774
-LEtGqNzalc,0.3330710563780075
vr26vbRI-W8,0.09634155050333428
Bwde68YfBPg,-0.2293096867700418
uBsed3gGBIs,0.3442117542028427
nuYeZw8m69Q,0.5060143758105425
BkedAnQfJ_U,0.7181653807165325
Sqa8Zo2XWc4,0.16491682171947966
-3Yexx70g24,0.3209893574572301
29ZQ3TDGgRQ,0.5264205730528311
Ra3fv8gl6NE,0.11349908869377678
78Js-WmUV4I,0.7854959692644037
5RdvsoXBqKw,0.012440475635230541
0_5g5VWMt6I,0.46705000750212505
-JlxuQ7tPgQ,0.09195469561781423
kCm3AczFRE8,0.9616929888725281
sjjGSKBVArE,0.004546841140836477
tCVXoTV12dE,0.46713256505741313
tjYvx_xidF4,0.9782945513725281
T9NtOa-IITo,0.614444564320147
_tijHjup-gM,0.40530233303434215
nnzu0CRL_q4,0.988006591796875
Bm6CAjVtrIw,0.33937482315204326
atiYXm7JZv0,0.7830670576542615
nq8la9qknx8,0.7551651637292128
jztwpsIzEGc,0.5671415035607529
6XLCNoyWt5Q,0.25360638589632734
ObbTLep4Hxo,0.13327366883046368
Y2FOUg_jo7k,0.6801875649264123
Vosrb7ro9oE,0.637310202529087
DoTpNTrj6d0,0.07828191601239316
yrSHC81kqpw,0.6407737156376243
SqdjhHNys8c,0.39839079985885245
i6TtgHLprZ0,0.9770879149436951
X2r4cKduBk4,0.5361847877502441
-omc5kDvPyM,0.17350882053160255
ZsM2z0pTbnk,0.29665530044197413
3eNIXxnS170,0.11384706622119953
7V_AebZFlpo,0.6732258080751691
tECZCCGeBcA,-0.0614793675777974
e8jbLgXLz4Q,0.0548560665428595
Obe-xxes7zU,0.06502071022987366
YaP8EHXWOwQ,0.2514953004416599
WQt4H1Bo0jM,0.7562755961257678
6RTJbbAD1uw,-0.04598041144551112
H6du_pfuznE,0.37799765854578665
tPYj3fFJGjk,0.5328295615464365
Od6kJF2bgaA,0.2926960406261841
QQpymSlI2pA,0.016976183901230495
kFGInxJKFWw,0.4686293893493712
HYuk-qMkY6Q,0.24447293403661913
oCn3Kc08St8,0.22757987251791817
0W7KJZuG8es,0.24745063920272514
yN7ypxC7838,0.6289858027396249
qpfAAo9D0F4,0.6274852419353496
SWjvMcMcFe0,0.38397626150399444
I7Uqlv1WX18,0.20273825427750125
Al4bwR--BgY,0.42537577591281844
hkagmGAu74Y,0.3958979599186029
Izd2qOgOGQI,0.22114221550227914
IbGH4TXJmWw,0.36211382452006546
rwW2T6BrPPY,0.40071809407276643
qvbZmxUbGaE,0.18761639043774747
RWvt5zgCyPo,0.9916778802871704
kJdta28q7vg,0.47668679678015624
LNrBcDfUhq0,0.26891951911743667
7OkaJhh8Tfs,0.0070826103910803795
7Y6n5zBCzMo,0.16139513041608625
DhkZG5191m4,-0.05990572273731232
Io-gm1eFsuY,0.3958946212356829
y7AKtWGOPAE,0.5159396150506348
j7K5FBCJFDg,0.49029815954528594
yCXm5cgG0UA,0.6185189200914465
zAfLcKrbSps,0.3461571895256356
Y0JvDPdpU1c,0.21279678085289774
VzZ66c-6TkY,-0.050934530018518366
Hzh7zjOXzCU,0.38401496842837063
Kve_Z8O-eaE,0.3335551875643432
B2ErLJ_jI_0,0.27725388263352213
61rJFFfgBxw,0.24018178379857072
7ffDUDjwz5E,0.5589069881046519
YHnpagQnqZ0,0.4047066143747153
kus6lDotusc,0.004420032724738121
fSytzGwwBVw,0.6601951766212907
1LLxZ35ru_g,0.8690694989577596
QDX-1M5Nj7s,0.6706880588462932
G2fqAlgmoPo,0.22341022221443116
wjZofJX0v4M,0.5028127330129912
g-fk3RQiw5Q,0.3583282670006156
-cN8sJz50Ng,0.012124703509353359
lsf060bLH_Y,0.429326370290135
dafuAz_CV7Q,0.6431663446302183
hSPGSoi59sQ,0.19824125890870795
uDaypv0KP_M,0.5687313801094587
fHF22Wxuyw4,0.775193028536221
Utwnm2kjYAM,0.41262874231883556
uhg4hij2ylc,0.01624832358211279
CvZA33qWBZ0,0.2658917824535266
GwIo3gDZCVQ,0.6605591731674301
63Gxpf7uT5o,0.297588677136361
I9FOswjTSGg,0.21516365106420024
2O3dzzrhpRw,0.5802818900460357
rUWQmB8PKrk,0.9973591566085815
ffM-DZAedHU,0.396449389110785
oqswdUNXloc,0.6282824873924255
WbWQ7JwAfVI,0.2971927441487258
9gKwux0r0KY,0.681643164716661
-JejYdrFh08,0.12852393968128845
mp3TS_Me3Kw,0.2627769425537603
kjNH8o91pQE,0.010966419933650356
cHbVM49j9AA,0.35358482599258423
d2nLCpGEUlo,0.017550191842019558
rdlTI9pKK7s,0.06564427349859706
AqDDGuG-d90,0.6076371007150522
3lx5YR9G8dk,0.01729382760822773
7ayMKKnMx9U,0.010585807263851166
fkx7Yl2XeI0,-0.42188331484794617
du5fyS44DR8,0.6322362616675247
DcEhNsMEbE4,-0.04160264879465103
UqnqHuXYhow,0.328843446694211
l80uyrV1v_w,0.596816212311387
Fv_LGQKgWi0,0.20911903090655481
XW0YptcgZSk,0.33539282445785257
m3CkutAQ9qk,0.6992100342842085
ZQazWxegNm8,0.24649852112945933
lzGKRSvs5HM,0.6907711858003859
tj-4kPIiceA,-0.015119836665689945
TaOputGR-vY,0.012440475635230541
UmFwybBiDt0,0.523891306869463
AKRmdmEaPiY,0.029532164335250854
Aut32pR5PQA,0.16530551349174663
ubjZfepfSzw,-0.7490344047546387
3PbEgLw6lJ0,0.7461142912507057
K4ZWapj7n64,0.03393100879396155
89s3NlyzUgw,-0.012209446040811584
